ID,Titular,Data Creació,Web,Usuari,Meneos,Clics,Comentaris,Vots Positius,Vots Anònims,Vots Negatius,Sub,Karma
0, Las insignias de los campos de concentración nazis ,2021-04-12 08:58:46,https://www.curistoria.com/2021/04/las-insignias-de-los-campos-de-concentracion-nazis.html,ccguy,67,1542,17,52,15,0,actualidad,475
1," La ansiedad está en tu cuerpo, no en tu mente [en] ",2021-04-12 02:04:47,https://elemental.medium.com/anxiety-is-in-your-body-not-your-mind-93031abd14eb,Remenad0r,84,1430,13,55,29,0,ciencia,428
2, Rusia creará la primera unidad de robots de combate de la historia ,2021-04-11 23:12:57,http://charly015.blogspot.com/2021/04/rusia-creara-la-primera-unidad-de.html,me_joneo_pensando_en_ti,73,1186,56,48,25,2,actualidad,376
3, TVE se convierte en altavoz de las fake news de Alvise Pérez al entrevistarle como experto en 'Informe Semanal' ,2021-04-11 18:27:52,https://vertele.eldiario.es/noticias/tve-altavoz-fake-news-alvise-perez-bulos-informe-semanal_0_2331066886.html,dmeijide,345,1540,45,177,168,44,actualidad,386
4, Francia aprueba prohibir los vuelos domésticos cortos ,2021-04-12 03:38:00,https://www.reuters.com/article/us-climate-change-france-flights-idUSKBN2BY0AO,Ñbrevu,372,742,122,192,180,1,actualidad,420
5," Los aguarales de Valpalmas, la Capadocia aragonesa ",2021-04-11 15:33:01,http://www.enelmundoperdido.com/2021/04/los-aguarales-de-valpalmas/,Riupapapapa,105,3256,17,53,52,2,cultura,349
6, El colegio ‘gueto’ que sólo recibirá a 3 nuevos alumnos el próximo curso ,2021-04-11 17:45:54,https://diariodevalladolid.elmundo.es/articulo/valladolid/colegio-gueto-solo-recibira-3-nuevos-alumnos-proximo-curso/20210411131717397874.html,Vixx,180,2210,160,93,87,3,actualidad,426
7," La otra Sagrada Familia, un tesoro modernista cuyo costoso mantenimiento supone “un dolor de cabeza” ",2021-04-11 17:34:28,https://elpais.com/icon-design/arquitectura/2021-04-11/la-historia-de-la-otra-sagrada-familia-un-tesoro-modernista-cuyo-costoso-mantenimiento-supone-un-dolor-de-cabeza.html,CosmeIndio,132,4439,17,66,66,0,cultura,404
8, Boeing 737 MAX en problemas de nuevo: recomienda a las aerolíneas ponerlo en tierra por un nuevo error... ,2021-04-12 00:11:21,https://www.xataka.com/vehiculos/boeing-737-max-problemas-nuevo-recomienda-a-aerolineas-ponerlo-tierra-nuevo-error-sistema-electrico,A_D,164,1101,29,82,82,2,tecnología,377
9, El documental de Netflix donde un hombre se hace amigo de un pulpo ,2021-04-11 23:54:18,https://www.espinof.com/criticas/he-visto-documental-netflix-donde-hombre-se-hace-amigo-pulpo-he-encontrado-historias-amor-amistad-hermosas-ultimos-anos,NubisMusic,158,1839,53,86,72,2,ocio,398
10," Por qué las consecuencias de llevar una vida sedentaria son ""comparables con las de fumar"" ",2021-04-11 23:15:18,https://www.bbc.com/mundo/noticias-56670014,TresPiesAlGato,158,1580,47,69,89,0,actualidad,377
11, Comunicado Sociedad Española de Trombosis y Hemostasia sobre AstraZeneca ,2021-04-11 23:59:20,https://www.seth.es/index.php/noticias/noticias/noticias-de-la-seth/1793-alarmas-relacionadas-con-la-vacuna.html,Inutil,155,4619,42,86,69,30,actualidad,449
12, El explorador muere en el hielo ,2021-04-11 12:38:39,https://www.revistamercurio.es/2021/04/11/el-explorador-muere-en-el-hielo/,Tieso,97,3316,5,49,48,0,cultura,440
13, Cuando el banco se convierte en juez y 'condena' a imputados a cerrar sus cuentas ,2021-04-11 21:40:58,https://www.elconfidencial.com/amp/espana/2021-04-11/imputados-banco-cierre-cuentas-tarjetas_3028680/,Octaviano,189,996,24,84,105,0,actualidad,434
14, La Comunidad de Madrid suspende la actividad investigadora de Vivotecnia tras constatar indicios de maltrato animal ,2021-04-11 20:26:20,https://www.europapress.es/madrid/noticia-comunidad-madrid-suspende-actividad-investigadora-vivotecnia-constatar-indicios-maltrato-animal-20210411124012.html,unmundofeliz,383,683,18,178,205,0,Rescates,428
15, 13 películas imprescindibles de ciencia-ficción que demuestran que los efectos especiales no son necesarios ,2021-04-11 22:22:15,https://www.xataka.com/cine-y-tv/13-peliculas-imprescindibles-ciencia-ficcion-que-demuestran-que-efectos-especiales-no-necesarios,ChanVader,129,6888,66,81,48,20,actualidad,527
16, Un rayo impacta en el Pirulí ,2021-04-11 21:30:11,https://zonaretiro.com/sucesos/video-rayo-piruli-torrespana-madrid-10-abril-2021/,Lord_Cromwell,112,2487,21,65,47,3,actualidad,543
17, Pujol: los secretos de Andorra (cat) ,2021-04-11 22:29:34,https://www.ccma.cat/tv3/alacarta/30-minuts/pujol-els-secrets-dandorra/video/6094174/,candonga1,209,667,38,89,120,1,politica,454
18, El ex presidente de Vox en Melilla gastó 81.000 euros del Colegio de Médicos en comprar un perro o ropa íntima femenina ,2021-04-11 21:32:41,https://www.lavozdelsur.es/actualidad/politica/ex-presidente-vox-en-melilla-gasto-81000-euros-colegio-medicos-en-comprar-perro-ropa-intima-femenina_258391_102.html,KeepYourCoins,649,767,59,245,404,1,actualidad,469
19, Varias columnas de monedas y una casa en miniatura sobre una mesa para explicar algo de vivienda muy difícil de entender ,2021-04-11 21:25:20,https://www.elmundotoday.com/2021/04/hemos-puesto-varias-columnas-de-monedas-y-una-casa-en-miniatura-sobre-una-mesa-para-explicar-algo-de-vivienda-muy-dificil-de-entender/,ChanVader,198,4395,14,104,94,8,actualidad,477
20, La peligrosidad de la vacuna de Astra Zeneca ,2021-04-11 14:35:53,https://esmola.wordpress.com/2021/04/11/la-peligrosidad-de-la-vacuna-de-astra-zeneca/,SRAD,227,3623,125,126,101,6,ciencia,432
21," Intolerable batalla campal en la Tercera división catalana, hasta la afición saltó a pegarse ",2021-04-11 17:32:52,https://videos.marca.com/v/0_7k0s1mxl-intolerable-batalla-campal-en-la-tercera-catalana-hasta-la-aficion-salto-a-pegarse?uetv_pl=0&count=0,tyler51,155,2650,73,87,68,6,actualidad,425
22," Desclasifican documentos sobre los primeros cosmonautas de la URSS: Yuri Gagarin, Guerman Titov y Alexéi Leónov ",2021-04-11 20:42:33,https://redhistoria.com/desclasifican-documentos-sobre-los-primeros-cosmonautas-de-la-urss-yuri-gagarin-guerman-titov-y-alexei-leonov/,Mysanthropus,149,819,36,78,71,0,cultura,427
23," Cien días después del ‘brexit’, el comercio se desploma y crece la desconfianza política ",2021-04-11 08:58:21,https://www.noticiasdegipuzkoa.eus/actualidad/union-europea/2021/04/11/cien-dias-despues-brexit-comercio/1103015.html,nereira,398,2300,92,182,216,3,actualidad,415
24," El hijo o hija que herede bienes por 800.000 € pagará en Asturias 103.135 €, 1.586 en Madrid y cero en Andalucía ",2021-04-11 20:24:50,https://elpais.com/economia/2021-03-24/la-comunidad-valenciana-es-la-autonomia-que-mas-grava-las-rentas-altas-y-madrid-la-que-menos.html?outputType=amp&ssm=TW_CM&__twitter_impression=true,rodda2206,489,1976,396,188,301,4,actualidad,455
25, La OMS da categoría de excelencia a la vacuna cubana “Soberana 2” ,2021-04-11 21:16:04,https://infopractica.com.uy/2021/04/08/la-oms-dio-categoria-de-excelencia-a-la-vacuna-cubana-contra-el-coronavirus-soberana-2/,robustiano,879,3907,150,344,535,26,actualidad,673
26," Por qué ""Los siete samuráis"" de Kurosawa es una de las películas más influyentes de la historia ",2021-04-10 11:01:48,https://www.espinof.com/cine-clasico/por-que-los-siete-samurais-es-una-de-las-peliculas-mas-influyentes-de-la-historia,Waskachu,193,2643,47,109,84,3,cultura,386
27, Rusia prohíbe definitivamente el matrimonio homosexual ,2021-04-11 11:50:26,https://www.togayther.es/noticias/lgtbifobia/rusia-prohibe-definitivamente-el-matrimonio-homosexual/,baraja,274,718,183,228,46,5,politica,2183
28," Nuno Bettencourt,Steve Vai, Brian May, Zakk Wylde, Yngwie Malmsteen,Tosin Abasi interpretan Bohemian Rhapsody desde casa ",2021-04-11 15:39:53,https://www.youtube.com/watch?v=i3JybLTO_3g,TresPiesAlGato,242,4373,48,114,128,1,ocio,419
29, ¿Por qué fracasó la II República? Las razones de la transformación inacabada de España ,2021-04-11 13:35:29,https://www.eldiario.es/sociedad/fracaso-ii-republica-razones-transformacion-inacabada-espana_1_7390010.html,Cehona,395,3391,223,173,222,39,actualidad,442
30," A prisión el ladrón más activo de Barcelona, con 113 detenciones ",2021-04-11 14:32:11,https://www.niusdiario.es/sociedad/sucesos/prision-ladron-mas-activo-barcelona-113-detenciones-22-anos-tapa-alcantarilla_18_3120870034.html?amp=true,pabloMll,287,2207,123,134,153,2,actualidad,423
31," Rapados por ""invertidos y rojos"" tras la victoria golpista en la guerra civil ",2021-04-11 15:11:41,https://www.publico.es/politica/rapados-invertidos-y-rojos-victoria.html,pinaveta,399,2190,30,175,224,15,GuerraCivilñ,460
32, Sargadelos no cede a la hora de defender sus diseños ante Dolce & Gabbana ,2021-04-11 14:08:26,https://www.lavozdegalicia.es/noticia/sociedad/2021/04/11/sargadelos-cede-hora-defender-disenos-ante-dolce-gabbana/0003_202104G11P30993.htm,oghaio,270,5894,34,116,154,2,actualidad,451
33," Todo sobre Age of Empires IV, el juego de estrategia más esperado: gameplay, civilizaciones, fecha ",2021-04-11 12:11:56,https://www.3djuegos.com/juegos/avances/30277/5623/0/age-of-empires-iv/,Minéame,266,8226,98,132,134,2,ocio,450
34, La Justicia saca de las listas del PP a Toni Cantó y Agustín Conde ,2021-04-11 15:44:10,https://www.eldiario.es/madrid/justicia-saca-listas-pp-toni-canto-agustin-conde_1_7420168.html,manifa33,1143,4237,265,492,651,1,actualidad,1038
35," Ana Teresa Toro: Puerto Rico, atrapado en el tiempo ",2021-04-11 00:14:02,https://elpais.com/eps/2021-04-10/puerto-rico-atrapado-en-el-tiempo.html,ccguy,116,2318,32,66,50,1,cultura,411
36," Baizuo, por qué la corrección política no se ha vuelto popular en China ",2021-04-11 12:13:03,https://conoce-china.com/baizuo-correccion-politica-en-china/,me_joneo_pensando_en_ti,256,3139,185,189,67,55,cultura,391
37, Video: Sorprendente estos Mosquitos beben sangre hasta Explotar ,2021-04-11 00:45:18,https://cerebrodigital.net/video-sorprendente-estos-mosquitos-beben-sangre-hasta-explotar,MDman,139,5814,67,75,64,1,ciencia,403
38," Encargo a un detective para sacar de Vox a un dirigente: ""Quiero fotos de él con la puta y la coca"" ",2021-04-11 11:50:30,https://www.youtube.com/watch?v=OtNAxwiu9_Q,Protochoc,524,2425,78,186,338,0,politica,445
39, Xavi Hernández: la máquina propagandística de Qatar para un Mundial con 6.500 muertos ,2021-04-11 12:22:23,https://www.elconfidencial.com/amp/deportes/futbol/mundial/2021-04-11/xavi-hernandez-qatar-mundial-cataluna-presos_3020803/?__twitter_impression=true,Quinqui,694,3431,127,251,443,36,actualidad,443
40, Tras la espectacular águila imperial ibérica: el gran depredador alado ,2021-04-11 09:02:03,https://www.elconfidencial.com/amp/medioambiente/naturaleza/2021-04-11/biodiversidad-fauna-iberica-naturaleza-aves-rapaces_3027431/,JORGE75,209,5628,22,94,115,3,cultura,433
41, El último apuñalamiento eleva la tensión en las Tres Mil Viviendas de Sevilla ,2021-04-11 10:44:24,https://www.diariodesevilla.es/sevilla/ultimo-apunalamiento-eleva-tension-vecinal-Tres-Mil-Viviendas_0_1563744644.html,ElBuenismoEraLaCensura,413,4116,278,176,237,7,actualidad,434
42," Joseph-Armand Bombardier, el inventor que desafió a la nieve con sus vehículos oruga ",2021-04-10 23:02:57,https://www.heraldo.es/noticias/sociedad/2021/04/10/joseph-armand-bombardier-el-inventor-que-desafio-a-la-nieve-con-sus-vehiculos-oruga-1483828.html,correcorrecorre,126,2297,7,61,65,1,cultura,428
43," ""¡Sanidad pública, no privada!"": El grito que ha dejado con esta cara al consejero de Salud de Madrid ",2021-04-11 10:12:26,https://www.huffingtonpost.es/entry/consejero-salud-madrid-gritos-sanidad-publica_es_60718a4ac5b6c795e153ffae,Yorga77,786,4130,111,294,492,12,actualidad,467
44, ¿De qué vive tu vecino? ,2021-04-11 10:15:21,https://stories.lavanguardia.com/economia/20210411/37666/de-que-vive-tu-vecino,Yago69,206,8496,97,113,93,1,actualidad,448
45," Ruth Matilda Anderson, la fotógrafa que mostró Galicia al mundo ",2021-04-11 09:03:14,https://www.elespanol.com/quincemil/articulos/cultura/ruth-matilda-anderson-la-fotografa-que-mostro-galicia-al-mundo,pinaveta,174,2117,9,70,104,0,Galicia,424
46, Los 10 puertos ciclistas más duros del mundo ,2021-04-11 08:32:52,https://www.brujulabike.com/10-puertos-ciclistas-duros-mundo/,Larpeirán,155,5314,56,82,73,2,ocio,514
47," Pablo Iglesias responde a José Bono en laSexta : ""Esa indecencia engrandece aún más a Anguita"" ",2021-04-11 09:37:58,https://www.lasexta.com/programas/sexta-noche/noticias/pablo-iglesias-responde-a-la-critica-de-jose-bono-a-anguita-en-lasexta-noche-esa-indecencia-engrandece-aun-mas-el-ejemplo-de-julio_2021041160729c3e61e8270001b719d4.html,imagosg,613,7027,187,251,362,10,actualidad,438
48, Una nueva técnica revolucionaria produce objetos de vidrio moldeados por inyección ,2021-04-11 09:28:03,https://ecoinventos.com/glassomer/,Izaga,191,2381,23,92,99,0,cultura,421
49, BBVA endurece por segunda vez en 6 meses las condiciones a sus clientes de no pagar comisiones ,2021-04-11 09:16:20,https://www.eleconomista.es/empresas-finanzas/noticias/11150758/04/21/BBVA-endurece-los-requisitos-de-las-cuentas-para-evitar-comisiones.html,mariasabugo,408,4377,126,155,253,1,actualidad,411
50, Inspección consigue que 112.000 trabajadoras pasen de temporales a indefinidas con una sola carta enviada a las empresas ,2021-04-11 09:24:16,https://www.elsaltodiario.com/laboral/inspeccion-trabajo-consigue-112.000-trabajadores-pasen-temporales-indefinidos-carta,Esteban_Rosador,721,1738,134,300,421,3,actualidad,383
51, Héroes del Silencio: la gloria y el traumático final de un grupo rompedor ,2021-04-11 08:45:14,https://elpais.com/cultura/2021-04-11/heroes-del-silencio-la-gloria-y-el-traumatico-final-de-un-grupo-rompedor.html?outputType=amp&ssm=TW_CM&__twitter_impression=true,Carapedo,245,5836,111,113,132,0,cultura,374
52, Isaac Asimov. La última pregunta ,2021-04-11 02:18:00,http://www.fis.puc.cl/~jalfaro/fiz1111/charla/laultimapregunta.pdf,Waskachu,422,10061,105,226,196,2,ocio,361
53, Reglas y consejos para realizar copias de seguridad en Linux ,2021-04-10 18:14:59,https://www.linuxadictos.com/reglas-consejos-copias-seguridad-linux.html,mr_b,116,2688,36,54,62,0,tecnología,363
54, El mensaje oculto del Mago de OZ ,2021-04-10 19:20:47,https://www.youtube.com/watch?v=jwB8RVvJax0,Trigonometrico,131,4491,16,79,52,15,ocio,358
55," Colección fotográfica de máscaras mortuorias de personajes famosos, 1300-1950 ",2021-04-10 17:53:14,https://rarehistoricalphotos.com/death-masks-famous-people/,javierchiclana,123,3701,18,80,43,2,cultura,416
56, La anomalía g−2 del muón provoca un tsunami de publicaciones entre los físicos teóricos ,2021-04-10 23:35:17,https://francis.naukas.com/2021/04/10/la-anomalia-g−2-del-muon-provoca-un-tsunami-de-publicaciones-entre-los-fisicos-teoricos/,Waskachu,158,1833,30,76,82,2,ciencia,376
57," ""Mi madre no murió por la covid sino por el abandono"" ",2021-04-10 16:51:14,https://www.laopiniondemurcia.es/comunidad/2021/04/10/madre-murio-covid-abandono-46403561.html?fbclid=IwAR3orx_4WIOVjKa-aQ-zWJZkH1KQJ7oSZr261vfIlXs7JTxcY4xqiweSENk,Ratoncolorao,508,716,50,193,315,5,actualidad,373
58, La NASA pospone el histórico vuelo de su helicóptero Ingenuity en Marte ,2021-04-10 22:22:47,https://www.rtve.es/noticias/20210410/nasa-pospone-historico-vuelo-su-helicoptero-ingenuity-marte/2085370.shtml,nereira,116,739,31,61,55,1,actualidad,394
59, Corinna Larsen contrató a una agencia de detectives para “arruinar” la reputación del fiscal suizo que la investiga ,2021-04-10 10:15:44,https://elpais.com/espana/2021-04-10/corinna-larsen-contrato-a-una-agencia-de-detectives-para-arruinar-la-reputacion-del-fiscal-suizo-que-la-investiga.html,Extratenestre,518,1022,42,202,316,2,actualidad,410
60," Pederastia en la Iglesia: «Mi vida ya me la jodieron, y por más que intenté denunciar, mi caso ya ha prescrito» ",2021-04-10 17:18:06,https://diario16.com/pederastia-en-la-iglesia-mi-vida-ya-me-la-jodieron-y-por-mas-que-intente-denunciar-mi-caso-ya-ha-prescrito/,manuen,669,1587,56,257,412,6,actualidad,466
61, Intervenidas 176 toneladas de alimentos para personas vulnerables a una entidad coruñesa ,2021-04-10 22:49:31,https://www.elespanol.com/quincemil/articulos/actualidad/intervenidas-176-toneladas-de-alimentos-para-personas-vulnerables-a-una-entidad-corunesa,pinaveta,454,1935,19,169,285,0,actualidad,420
62, El virólogo más prestigioso de EEUU señala el lugar al que no va ni siquiera ya vacunado ,2021-04-10 20:47:05,https://www.huffingtonpost.es/entry/el-virologo-mas-prestigioso-de-eeuu-senala-el-lugar-al-que-no-va-ni-siquiera-ya-vacunado_es_6070739ac5b6c795e152a438,filosofo,314,5272,120,133,181,33,actualidad,450
63," Georg Michael Welzel, el desconocido al que el franquismo ejecutó el mismo día que Puig Antich ",2021-04-10 21:30:15,https://www.publico.es/politica/georg-michael-welzel-georg-michael-welzel-desconocido-franquismo-ejecuto-dia-puig-antich.html,Joya,281,2856,52,116,165,16,cultura,437
64, Darias avanza que la vacuna de Janssen llegará a España el martes ,2021-04-10 14:38:27,https://www.lavozdegalicia.es/noticia/sociedad/2021/04/10/darias-avanza-vacuna-janssen-llegara-espana-martes/00031618056615692336507.htm,nereira,246,706,83,121,125,3,actualidad,412
65, La acusada de matar a su bebé en Torreforta lo habría confesado a unas amigas ,2021-04-10 14:34:45,https://www.diaridetarragona.com/tarragona/La-acusada-de-matar-a-su-bebe-en-Torreforta-lo-habria-confesado-a-unas-amigas-20210410-0001.html,Devilor,241,3160,101,121,120,19,actualidad,465
66," 40 años de ""El crack"" (Garci, 1981):  ""Clásico (...) y una de las más impactantes (en España)"". ",2021-04-10 15:24:52,https://elpalomitron.com/el-crack-1981-una-retrospectiva/,Deckardio,147,1193,66,70,77,0,cultura,521
67, La caja de pandora en una residencia de la Barceloneta: el caos que descubrió Salud ,2021-04-10 15:56:51,https://www.metropoliabierta.com/distritos/ciutat-vella/residencia-barceloneta-coronavirus-caos_38358_102.html,Idoia_Perez_Perez,385,4394,37,153,232,1,actualidad,407
68, Pide un Cabify y Cabify lo subcontrata para que se lleve a sí mismo al aeropuerto ,2021-04-10 18:03:56,https://www.elmundotoday.com/2021/04/pide-un-cabify-y-cabify-lo-subcontrata-para-que-se-lleve-a-si-mismo-al-aeropuerto/,ChanVader,475,1318,24,215,260,12,actualidad,416
69, La historia de los primeros navegantes de al-Andalus ,2021-04-10 15:30:48,https://revistadehistoria.es/los-primeros-navegantes-de-al-andalus/,Octaviano,115,995,17,61,54,1,cultura,413
70, Destruyen una importante colonia de avión común ,2021-04-10 18:24:57,https://zamorabiodiversa.wordpress.com/2021/04/10/destruyen-una-importante-colonia-de-avion-comun/,martins,429,2649,62,171,258,3,actualidad,472
71, La familia de Tarragona infectada de Covid-19 que cruzó España en su coche ,2021-04-10 16:02:50,https://www.diaridetarragona.com/tarragona/La-familia-de-Tarragona-infectada-de-Covid-19-que-cruzo-Espana-en-su-coche-20210407-0062.html,Meneador_Compulsivo,428,2633,62,160,268,2,actualidad,436
72, Hackean los servidores de actualización de los teléfonos Gigaset para distribuir malware ,2021-04-10 14:05:49,https://unaaldia.hispasec.com/2021/04/hackean-los-servidores-de-actualizacion-de-los-telefonos-gigaset-para-distribuir-malware.html,painful,154,944,17,81,73,1,tecnología,371
73, Detenidas cuatro personas por intentar secuestrar a un camionero para conseguir casi 2.000 kilos de cocaína ,2021-04-10 14:54:09,https://cadenaser.com/emisora/2021/04/10/radio_valencia/1618047962_795879.html,rodda2206,254,1885,33,120,134,1,actualidad,362
74, Julian Assange cumple 2 años en la prision de Belmarsh este domingo [EN} ,2021-04-10 09:46:57,https://www.crowdjustice.com/case/assangeappeal/,lodudo,704,708,55,297,407,3,actualidad,371
75, Cultivo de supercristales a gran velocidad: el ejemplo de la hoganita ,2021-04-10 09:51:50,https://www.investigacionyciencia.es/revistas/investigacion-y-ciencia/supernovas-extremas-821/cultivo-de-supercristales-a-gran-velocidad-el-ejemplo-de-la-hoganita-19477,Ergo,177,4665,24,92,85,1,ciencia,431
76, Se fue de España por la precariedad y ahora enseña a los robots a tener sentido común ,2021-04-10 11:20:50,https://www.elconfidencial.com/tecnologia/2021-04-08/pablo-lanillos-investigador-robotica_3023764/,aiounsoufa,452,2096,120,178,274,3,tecnología,414
77," Kichi, alcalde de Cádiz: ""A ver si así Vox y OkDiario lo entienden"" ",2021-04-10 14:10:30,https://mobile.twitter.com/JM_Kichi/status/1380801191949565952,er11s111,1451,8938,152,571,880,9,actualidad,395
78, Una academia hacker estatal y una inversión de 450 millones de euros: así quiere el Gobierno impulsar la ciberseguridad ,2021-04-09 22:03:47,https://www.xataka.com/pro/academia-hacker-estatal-inversion-450-millones-euros-asi-quiere-gobierno-impulsar-ciberseguridad-espanola,reminiscencia,335,1967,125,140,195,0,tecnología,419
79," El plan para salvar a Felipe VI y a la monarquía de Juan Carlos, con Elena y Cristina fuera de control ",2021-04-10 06:52:38,https://www.elespanol.com/reportajes/20210410/felipe-vi-monarquia-juan-carlos-elena-cristina/572444353_0.html,candonga1,363,5127,82,127,236,3,politica,376
80," Emprendedor megalómano, inversores saudíes y la fiebre de las startups: el fiasco de WeWork ",2021-04-10 10:04:50,https://valenciaplaza.com/emprendedor-megalomano-inversores-saudies-y-la-fiebre-de-las-startups-el-fiasco-de-wework,Quinqui,199,3835,31,94,105,0,actualidad,399
81, La Junta Electoral amonesta por tercera vez a Díaz Ayuso por incumplir la ley electoral ,2021-04-10 11:16:12,https://elpais.com/espana/madrid/2021-04-10/la-junta-electoral-amonesta-por-tercera-vez-a-diaz-ayuso-por-incumplir-la-ley-electoral.html,Ñbrevu,770,1383,81,259,511,6,politica,436
82," Iglesias propone dentista y psiquiatra gratis, 1.000 millones más a la Sanidad pública y contratar 10.000 efectivos ",2021-04-10 08:29:59,https://amp.europapress.es/madrid/noticia-iglesias-propone-dentista-psiquiatra-gratis-1000-millones-mas-sanidad-publica-contratar-10000-efectivos-20210409131646.html?__twitter_impression=true,rodda2206,1221,1225,778,479,742,14,actualidad,457
83," La Cabra: ""Control Mental"" (Pierre Richard&Gerard Depardieu) ",2021-04-10 08:51:35,https://www.youtube.com/watch?v=qtZGsygrQBk,esbrutafio,247,9039,53,125,122,3,ocio,507
84, Vivir sobre 5.000 mill. de €: la mina de oro más grande de Europa está en Asturias y es una pesadilla para sus vecinos ,2021-04-10 09:51:54,https://www.xataka.com/ecologia-y-naturaleza/vivir-cinco-mil-millones-euros-mina-oro-grande-europa-esta-asturias-pesadilla-para-sus-vecinos-1/amp?__twitter_impression=true,rodda2206,338,5782,76,130,208,3,actualidad,524
85," II República ""Mataban a los intelectuales, a los que sabían algo, para que no avanzaran en la vida, y así los ",2021-04-10 09:16:21,https://twitter.com/laSextaColumna/status/1380614995814182913?s=19,rodda2206,772,3817,163,311,461,11,actualidad,382
86," Joven detenido en Vallecas denuncia que dos guardias civiles le han dado ""una paliza"" en los juzgados ",2021-04-10 08:31:56,https://www.publico.es/sociedad/disturbios-vallecas-jovenes-detenidos-vallecas-denuncia-guardias-civiles-le-han-dado-paliza-juzgados.html,Clarinius,836,3650,122,335,501,26,actualidad,415
87, Prisión permanente revisable para la madre que mató a su hijo de 7 años para hacer «el mayor daño posible» al padre ,2021-04-10 09:15:10,https://www.lavozdeasturias.es/noticia/actualidad/2021/04/09/prision-permanente-revisable-madre-mato-hijo-7-anos-almeria-mayor-dano-posible-padre/00031617962230013678859.htm,Verdaderofalso,559,1869,201,246,313,5,actualidad,423
88," Scriabin interpreta Scriabin, étude Op 8 Nr. 12 para piano ",2021-04-10 01:51:57,https://www.youtube.com/watch?v=VfYMFNjSMnU,Waskachu,89,1363,16,51,38,0,cultura,418
89," Shannon Wait, la joven empleada que se enfrentó a Google y le ganó ",2021-04-09 23:49:36,https://www.bbc.com/mundo/noticias-56671718,TresPiesAlGato,297,4568,46,126,171,0,actualidad,361
90," ¿Es un pájaro? ¿Es un avión? No, es un gigantesco jurel que se grabó en la serie Blue Planet II ",2021-04-10 07:36:03,https://www.vistaalmar.es/especies-marinas/general/6976-es-un-pajaro-es-un-avion-no-es-gigantesco-jurel-blue-planet-ii.html,Larpeirán,209,6966,27,110,99,1,ocio,393
91, Fin del teletrabajo para Amazon y Google ,2021-04-09 23:27:02,https://magnet.xataka.com/en-diez-minutos/amazon-google-se-han-cansado-teletrabajo-regreso-a-oficina-esta-a-vuelta-esquina,caracol_aventurero,274,4052,206,119,155,0,actualidad,379
92, Un periodista refugiado palestino denuncia un interrogatorio ilegal de la Guardia Civil y el Mossad en Madrid ,2021-04-10 01:19:18,https://www.publico.es/politica/guardia-civil-mossad-periodista-refugiado-palestino-espana-denuncia-interrogatorio-ilegal-guardia-civil-mossad-madrid.html,Tiopio,634,1378,52,241,393,7,actualidad,334
93, Querella de Boye y 44 abogados contra la jueza Tardón por encubrir un asesinato ,2021-04-09 20:23:22,https://www.elnacional.cat/es/politica/querella-boye-44-abogados-jueza-tardon-encubrimiento-asesinato_599333_102.html,candonga1,393,1600,93,144,249,24,actualidad,373
94, ¿Crisis? ¿Qué crisis? Rolls-Royce ha batido su récord de ventas esta primera parte del año ,2021-04-09 19:46:53,https://www.topgear.es/noticias/garaje/crisis-crisis-rolls-royce-ha-batido-record-ventas-primera-parte-ano-845051,Meneador_Compulsivo,306,853,53,131,175,2,actualidad,362
95, Los mendigos del mar: la piratería en tiempos del rey Felipe II ,2021-04-10 00:07:05,https://www.ocesaronada.net/los-mendigos-del-mar/,Skar2791,89,1188,9,49,40,0,cultura,386
96," «Silencio, que estoy leyendo la prensa», pide un padre de familia mientras revisa memes fascistas en Whatsapp ",2021-04-09 15:50:43,https://www.elmundotoday.com/2021/04/silencio-que-estoy-leyendo-la-prensa-pide-un-padre-de-familia-mientras-revisa-memes-fascistas-en-whatsapp/,halcondeoro,459,972,43,213,246,13,ocio,352
97, Exigen al Gobierno que anule la inmatriculación del Patio de los Naranjos para que sea otra vez una plaza pública ,2021-04-09 20:07:26,https://www.eldiario.es/andalucia/sevilla/exigen-gobierno-anule-inmatriculacion-patio-naranjos-sea-vez-plaza-publica-sevilla_1_7393944.html,nereira,390,398,14,153,237,2,cultura,358
98, El Sol como nunca lo viste gracias a una foto de 230 megapíxeles ,2021-04-09 21:18:24,https://hipertextual.com/2021/04/sorprendente-foto-del-sol-230-megapixeles,bercio,134,3774,12,69,65,0,ciencia,328
99, La Junta Electoral de Madrid ordena la retirada del cartel gigante de Gabilondo de Callao ,2021-04-09 21:00:55,https://cadenaser.com/emisora/2021/04/09/radio_madrid/1617993886_803154.html?ssm=tw,Nividhia,167,1851,55,69,98,0,politica,392
100, El conductor de la excavadora del canal de Suez durmió 3 horas al día; no le pagaron aún las horas extras ,2021-04-09 23:45:47,https://www.businessinsider.es/conductor-excavadora-canal-suez-durmio-3-horas-dia-844753?amp=1&__twitter_impression=true,rodda2206,541,1640,56,200,341,2,actualidad,383
101, Esa oferta de trabajo en LinkedIn es falsa: el archivo zip te instalará una puerta trasera abierta para atacantes ,2021-04-09 14:21:22,https://www.xataka.com/pro/esa-oferta-trabajo-linkedin-falsa-archivo-zip-te-instalara-puerta-trasera-abierta-para-atacantes,me_joneo_pensando_en_ti,134,782,23,61,73,0,tecnología,370
102," ""Ya no doy más"": mujer chilena se suicidó tras denunciar violencia y amenazas de su expareja ",2021-04-09 21:29:10,https://www.biobiochile.cl/noticias/nacional/region-metropolitana/2021/04/09/ya-no-doy-mas-mujer-de-37-anos-se-suicido-tras-denunciar-violencia-y-amenazas-de-su-expareja.shtml,Ratoncolorao,361,1238,59,149,212,10,actualidad,376
103, Recopilación de bulos de la extrema derecha española de marzo de 2021 ,2021-04-09 19:34:29,https://aldescubierto.org/2021/04/09/recopilacion-de-bulos-de-la-extrema-derecha-espanola-de-marzo-de-2021/,kain_666,321,4036,73,267,54,66,actualidad,420
104," José Ribera. Sádico, mafioso y putero ",2021-04-09 22:00:26,https://historia-arte.com/articulos/jose-ribera,Mysanthropus,110,2458,16,53,57,3,cultura,434
105, La treta de Toni Cantó para ser candidato del PP: renovó su DNI con dirección de Madrid unos días antes de registrar... ,2021-04-09 22:37:32,https://www.eldiario.es/madrid/toni-canto-exalcalde-toledo-cambiaron-direccion-dni-dias-registro-listas_1_7392533.html,anasmoon,659,1832,88,266,393,17,actualidad,467
106, Irlanda del Norte: a qué se debe el estallido de violencia que revive fantasmas del pasado ,2021-04-09 20:47:22,https://www.bbc.com/mundo/noticias-internacional-56685116,ángel.,221,3761,19,106,115,0,actualidad,433
107," La vida y filosofía de Javier Krahe, a ritmo de anécdotas ",2021-04-09 18:31:21,https://www.rtve.es/noticias/20210409/javier-krahe-biografia/2085129.shtml,painful,232,2645,26,119,113,1,cultura,427
108, Por qué no hay que marcar las casillas de la iglesia católica ni la de fines sociales en el IRPF ,2021-04-09 21:24:12,https://youtu.be/7Bpwf1dbYRE,javierchiclana,582,4690,80,255,327,12,politica,412
109, Los trabajadores de Amazon votaron y rechazaron tener un sindicato en la empresa ,2021-04-09 18:38:24,https://www.infobae.com/america/eeuu/2021/04/09/los-trabajadores-de-amazon-votaron-y-rechazaron-tener-un-sindicato-en-la-empresa/,nereira,379,1459,200,182,197,2,actualidad,404
110," Justifica el crimen de su pareja: ""Te amo tanto que antes de perdonarte te mato"" ",2021-04-09 13:59:22,https://www.lainformacion.com/arte-cultura-y-espectaculos/asi-justifica-crimen-pareja-carta-te-amo-tanto-antes-perdonarte-te-mato/2834809/,cestdufoot,246,1915,136,136,110,4,actualidad,340
111, El dopaje mecánico de Lance Armstrong y el motor en su bicicleta ,2021-04-09 17:33:54,https://www.iberobike.com/el-dopaje-mecanico-de-lace-armstrong-el-motor-en-su-bicicleta/,filosofo,358,15103,153,148,210,40,ocio,420
112,"  La televisión gallega arrincona en directo a una joven de 20 años para que se reúna con su expareja, de la que se separ ",2021-04-09 18:41:26,https://www.eldiario.es/galicia/politica/video-television-publica-gallega-arrincona-directo-joven-20-anos-reuna-expareja-separo-conducta-controladora_1_7393272.html?fbclid=IwAR3jXfAbv2BsTrDOqF8GQDlz3QhlgKM7lyhfF6UzTFL2HteIWPKkdLZSmC0,Maddoctor,651,7450,162,235,416,48,actualidad,604
113," EMA inicia revisión vacuna de Johnson and Johnson, Janssen, tras tromboembolias ",2021-04-09 14:48:29,http://www.ansalatina.com/americalatina/noticia/sociedad/2021/04/09/ema-inicia-revision-janssen-tras-tromboembolias_47a970f9-658a-4134-b371-131f43d9b24c.html,Blat,265,1688,108,121,144,0,vacúname,372
114, Transforman por primera vez astrocitos en neuronas para reparar circuitos visuales ,2021-04-08 22:09:52,https://www.agenciasinc.es/Noticias/Transforman-por-primera-vez-astrocitos-en-neuronas-para-reparar-circuitos-visuales,eldarel,293,662,9,136,157,0,ciencia,407
115, Varapalo a Hacienda y la Abogacía del Estado: la Audiencia Provincial vuelve a absolver a Xabi Alonso de delito fiscal ,2021-04-09 15:59:09,https://www.elmundo.es/deportes/futbol/2021/04/09/60700af821efa0417c8b45f9.html?cid=BESOCYEM01,dirok,331,1463,103,141,190,1,actualidad,466
116, ¿Por qué un policía pega a un periodista? ,2021-04-09 10:09:53,https://blogs.publico.es/otrasmiradas/47922/por-que-un-policia-pega-a-periodistas/,radiolasmatas,667,4360,78,280,387,37,actualidad,425
117," Cámara antropomórfica que mira, parpadea y te observa [EN] ",2021-04-09 15:00:54,https://marcteyssier.com/projects/eyecam/,Regreso,103,3657,44,71,32,2,tecnología,396
118," Los linajudos, chantajistas genealógicos del Siglo de Oro ",2021-04-09 07:19:38,https://theconversation.com/los-linajudos-chantajistas-genealogicos-del-siglo-de-oro-156466,Ripio,93,1249,17,50,43,0,cultura,399
119," Israel no paga, Pfizer suspende vacunas y medios. Jerusalem Post: bloqueadas 700.000 dosis ",2021-04-09 15:30:15,http://www.ansalatina.com/americalatina/noticia/mundo/2021/04/05/israel-non-paga-pfizer-suspende-vacunas-medios_d05fb92f-3b08-4257-abda-06642d7a6a73.html,Stajanov,471,2085,151,202,269,3,actualidad,408
120," ""Si se aprueba sería histórico"": 5 claves para entender qué es un impuesto mínimo global a las multinacionales ",2021-04-09 08:44:56,https://www.bbc.com/mundo/noticias-56678736,TresPiesAlGato,599,3375,105,242,357,1,actualidad,433
121," Agresión homófoba en Sol: un hombre intenta ahogar a otro ""por maricón"" ",2021-04-09 11:57:25,https://www.20minutos.es/noticia/4649503/0/agresion-homofoba-en-sol-un-hombre-intenta-ahogar-a-otro-por-maricon/,Islu,501,1896,146,220,281,14,actualidad,399
122, Reparar dispositivos Apple es difícil porque Apple los diseña así a posta ,2021-04-09 11:21:24,https://hardwaresfera.com/noticias/otros/reparar-dispositivos-apple-disena-a-posta/,Regord,454,2947,156,181,273,11,tecnología,375
123, Mis curiosidades: 3 mapas antiguos extraños y bellos ,2021-04-08 19:39:40,https://auxilili.blogspot.com/2021/04/mapas-antiguos.html,Punisher92,94,2276,5,56,38,1,cultura,372
124, Multado por saltarse el cierre perimetral cuando iba a comprar comida para su mujer celiaca ,2021-04-09 12:30:25,https://www.20minutos.es/noticia/4648533/0/hombre-recibe-multa-601-euros-violar-cierre-perimetral-comprar-comida-sin-gluten-mujer/,Currela,774,3287,262,279,495,8,actualidad,402
125, Kim Jong-un admite que Corea del Norte atraviesa una crisis similar a la gran hambruna de los 90 ,2021-04-09 12:17:49,https://es.ara.cat/internacional/kim-jong-admite-corea-norte-atraviesa-crisis-similar-gran-hambruna-90_1_3941971.html,lainDev,324,1591,177,138,186,16,actualidad,420
126," Muere el príncipe Felipe, marido de la reina Isabel II ",2021-04-09 13:09:09,https://mundo.sputniknews.com/20210409/muere-el-principe-felipe-marido-de-la-reina-isabel-ii-1108998007.html,A_D,396,2413,181,230,166,10,actualidad,821
127," Draghi tilda de ""dictador"" a Erdogan y lamenta la ""humillación"" a Von der Leyen ",2021-04-09 09:32:31,https://www.huffingtonpost.es/entry/draghi-tilda-de-dictador-a-erdogan-y-lamenta-la-humillacion-a-von-der-leyen_es_606fd027c5b6a74b3bd89321,Yorga77,539,2752,50,199,340,0,politica,473
128, Las operadoras acuerdan con La Coalición un nuevo sistema de bloqueo de páginas web piratas ,2021-04-09 09:56:40,https://bandaancha.eu/articulos/operadoras-acuerdan-coalicion-bloquear-9878,Left_Side,331,2495,245,165,166,0,actualidad,448
129, Pablo Iglesias confirma que no se presentará a la reelección como secretario general de Unidas Podemos ,2021-04-09 10:16:24,https://www.20minutos.es/noticia/4649588/0/pablo-iglesias-confirma-que-no-se-presentara-a-la-reeleccion-como-secretario-general-de-unidas-podemos/,libtalker,757,1459,583,389,368,5,actualidad,413
130, Mutaciones en el PP ,2021-04-09 10:13:59,https://www.diariodesevilla.es/miki-duarte/Juanma-Moreno-PP-estado-de-alarma_0_1563145799.html,Uvieu1926,314,6600,24,136,178,7,ocio,381
131, Suspenden de empleo y sueldo durante un año y siete meses al policía local que se negaba a usar mascarilla ,2021-04-08 22:39:03,https://cadenaser.com/emisora/2021/04/08/radio_alicante/1617903866_352226.html,coldchiliandhotchilly,492,1986,114,215,277,1,actualidad,368
132, Cruelty Free International destapa imágenes de extrema crueldad animal en el laboratorio Vivotecnia de Madrid ,2021-04-09 09:26:07,https://www.eldiario.es/caballodenietzsche/cruelty-free-international-experimentacion-animal-crueldad-animal-laboratorio-vivotecnia-madrid_132_7389157.html,News333,848,5142,129,307,541,7,actualidad,426
133, LaLiga no encuentra pruebas contra Juan Cala ,2021-04-08 23:51:09,https://www.marca.com/futbol/cadiz/2021/04/08/606f7188ca474133118b4609.html,DRAG0NER0,229,2557,176,121,108,21,actualidad,383
134, Pantomima Full - Minimalista ,2021-04-09 09:36:42,https://www.youtube.com/watch?v=llOSTT_-NuI,BestiaConFormaHumana,315,11943,72,181,134,8,ocio,495
135, Toni Cantó se contradice a si mismo en TVE ,2021-04-08 17:37:48,https://twitter.com/lhermoso_/status/1380071216778772480?s=19,Uvieu1926,600,7425,153,246,354,41,politica,376
136, El secadero de Teruel que vendió en tres días los 3.000 jamones que tenía en stock por la caída de la hostelería ,2021-04-09 07:41:04,https://www.eldiario.es/aragon/economia/empresa-teruel-vende-3-000-jamones-tres-dias-traves-redes-sociales_1_7385362.html,rodda2206,460,8125,92,205,255,1,actualidad,495
137, Un concejal del PP imputado por corrupción oculta su identidad para vender ropa con la imagen de Ayuso... ,2021-04-09 05:58:42,https://www.eldiario.es/madrid/concejal-pp-acusado-prevaricacion-abre-tienda-camisetas-polos-ayuso_1_7387875.html,candonga1,557,2642,73,197,360,21,politica,406
138, Mono jugando a Pong con implante cerebral de Neuralink ,2021-04-09 02:36:18,https://www.youtube.com/watch?v=rsCul1sp4hQ&ab_channel=Neuralink,hovercraft85,288,7030,86,154,134,0,tecnología,445
139, Mejilloneros de Arousa contratan vigilancia con drones ante el aumento de robos en sus bateas ,2021-04-08 23:28:01,https://www.lavozdegalicia.es/noticia/arousa/a-illa-de-arousa/2021/04/08/mejilloneros-arousa-contratan-vigilancia-drones-ante-aumento-robos-bateas/0003_202104G8P32993.htm,pazmegayok,253,778,38,95,158,0,actualidad,342
140, EEUU avisa que se verá obligado a intervenir en Taiwán y Filipinas si China no cesa sus hostilidades ,2021-04-08 16:37:52,https://www.catalunyapress.es/texto-diario/mostrar/2827306/eeuu-avisa-vera-obligado-intervenir-taiwan-filipinas-china-no-cesa-hostilidades,SrYonkus,291,1550,182,129,162,0,actualidad,335
141, Sanidad aprueba elevar la edad para vacunar con AstraZeneca hasta los 69 años ,2021-04-08 19:27:33,https://www.eldiario.es/sociedad/sanidad-aprueba-administrar-astrazeneca-poblacion-general-66-69-anos_1_7390076.html,KarMalone,194,550,89,103,91,1,actualidad,323
142, Cómo tiene que aumentar el ritmo de vacunación para alcanzar el 70% de vacunados en agosto ,2021-04-08 07:36:13,https://www.xataka.com/medicina-y-salud/objetivos-gobierno-frente-a-realidad-como-tiene-que-aumentar-ritmo-vacunacion-para-alcanzar-70-vacunados-agosto,Bauman83,143,3583,42,61,82,3,vacúname,354
143, El oído absoluto de los animales ,2021-04-08 22:48:36,https://culturacientifica.com/2021/04/08/el-oido-absoluto-de-los-animales/,painful,329,3717,39,176,153,0,ciencia,363
144, Medusas con plástico en su interior evidencian el impacto de la contaminación en los océanos ,2021-04-08 22:00:45,https://www.ulpgc.es/noticia/medusas-plastico-su-interior-evidencian-impacto-contaminacion-oceanos,Meneador_Compulsivo,295,2227,7,105,190,0,cultura,409
145, Ocultos de culto para tu Super Nintendo ,2021-04-08 18:52:34,https://milkbaronline.org/ocultos-de-culto-para-tu-super-nintendo,PauvreGaspard,102,4010,51,58,44,11,tecnología,402
146," Ex jugador de la NFL Phillip Adams, mata a cinco personas en un tiroteo y después se suicida ",2021-04-08 21:26:26,https://www.milenio.com/deportes/americano/phillip-adams-nfl-mata-personas-suicida-eu,FisionBoy,258,3163,70,130,128,1,actualidad,378
147, Ojalá se revisase la homeopatía como la vacuna de Astrazeneca ,2021-04-08 22:56:41,https://www.redaccionmedica.com/virico/noticias/ojala-se-revisase-homeopatia-mitad-vacuna-covid-astrazeneca-2450,Dadrio,682,1211,109,294,388,7,actualidad,374
148,Descubre los últimos modelos 3D del virus SARS-CoV-2 con resolución atómica,2021-04-07 09:39:28,https://www.meneame.net/story/descubre-ultimos-modelos-3d-virus-sars-cov-2-resolucion-atomica,Ergo,52,1858,1,30,22,0,Artículos,97
149," Tebas: ""Sabemos quién insultó a Diakhaby y tiene acento sudamericano. No es Cala"" ",2021-04-08 18:38:09,https://www.elperiodico.com/es/deportes/20210408/tebas-insulto-diakhaby-acento-sudamericano-11643068,Vergonya,168,1928,162,73,95,11,actualidad,374
150," Ortega Smith ayer en Vallecas: ""La mayoría de esta gente es gentuza"" ",2021-04-08 21:15:38,https://www.abc.es/espana/abci-ortega-smith-vallecas-mayoria-esta-gente-gentuza-estudia-trabaja-espera-202104072036_video.html,Casiopeo,601,2503,117,219,382,32,actualidad,403
151," Yolanda Díaz: “Voy a tender puentes, la política del ruido y los muros no conduce a nada” ",2021-04-08 22:03:17,https://www.infolibre.es/noticias/politica/2021/04/09/yolanda_diaz_voy_tender_puentes_politica_del_ruido_los_muros_no_conduce_nada_119043_1012.html,Esteban_Rosador,679,2192,189,305,374,6,politica,457
152, España bate el récord de dosis diarias administradas: 453.682 en las últimas 24 horas ,2021-04-08 22:24:54,https://www.infosalus.com/asistencia/noticia-espana-bate-record-dosis-diarias-administradas-453682-ultimas-24-horas-20210408184828.html,Uvieu1926,294,780,75,141,153,4,actualidad,391
153, El Tribunal Europeo de Derechos Humanos dictamina que la vacunación obligatoria es necesaria en una sociedad democrática ,2021-04-08 20:26:33,https://actualidad.rt.com/actualidad/388797-tribunal-europeo-derechos-humanos-vacunacion-obligatoria,me_joneo_pensando_en_ti,489,919,154,235,254,2,actualidad,379
154," Marruecos mata con un dron al jefe de la gendarmería del Polisario, Adaj el Bendir ",2021-04-08 20:48:55,https://www.abc.es/internacional/abci-marruecos-abate-dron-jefe-gendarmeria-polisario-adaj-bendir-202104081804_noticia.html,Meneador_Compulsivo,596,1389,70,224,372,1,actualidad,431
155, Pedro Duque anuncia en León que «pronto» comenzarán «las pruebas clínicas» con las vacunas españolas ,2021-04-08 18:31:23,https://www.leonoticias.com/leon/pedro-duque-anuncia-leon-espana-pronto-comenzara-pruebas-clinica-vacuna-20210408141345-nt.html?ref=https://www.elbierzonoticias.com/,Froku,416,927,66,168,248,1,ciencia,360
156, Dar tu DNI en Wallapop e internet te puede costar un infierno de juicios y denuncias ,2021-04-08 10:42:28,https://www.genbeta.com/actualidad/algo-inocente-como-dar-tu-dni-wallapop-internet-te-puede-costar-infierno-meses-denuncias-juicios,sam2001,386,7838,107,171,215,0,actualidad,375
157, Francia aprueba por sorpresa la Ley de promoción de las lenguas regionales y permite la inmersión lingüística educativa ,2021-04-08 20:08:21,https://www.lefigaro.fr/actualite-france/la-promotion-des-langues-regionales-arrive-a-l-assemblee-nationale-20210407,sareando,440,928,174,193,247,3,cultura,412
158, El descalabro de Facebook deja una lección importante: los SMS no sirven como sistema de autenticación en dos pasos ,2021-04-08 17:48:01,https://www.xataka.com/seguridad/descalabro-facebook-deja-leccion-importante-sms-no-sirven-como-sistema-autenticacion-dos-pasos,juan87,283,4139,97,112,171,3,tecnología,344
159, El fin de la era de la gasolina: su demanda tocó techo en 2019 y no volverá a recuperarse ,2021-04-08 15:36:02,https://www.eleconomista.es/mercados-cotizaciones/noticias/11147824/04/21/Economia-La-AIE-estima-un-reequilibrio-en-el-mercado-mundial-de-petroleo-tras-la-caida-sin-precedentes-por-el-Covid19.html,Chabelitaenanita,290,1609,92,120,170,0,actualidad,359
160, Pablo Iglesias propone retirar todas las ayudas a la tauromaquia ,2021-04-08 16:01:24,https://www.elconfidencial.com/espana/madrid/2021-04-08/pablo-iglesias-propone-retirar-ayudas-tauromaquia-madrid_3025660/,Wurmspiralmaschine,812,816,245,213,599,37,actualidad,361
161, Dos presidentes visitaron Turquía. Solo al hombre se le ofreció una silla ,2021-04-08 15:28:37,https://www.nytimes.com/es/2021/04/07/espanol/turquia-Ursula-von-der-Leyen.html,lainDev,567,4857,153,217,350,3,actualidad,324
162, BlackRock: vacunas en manos de oscuros fondos ,2021-04-08 10:43:50,https://lasoga.org/blackrock-pzifer-vacunas/,BejarBurel,664,2113,72,225,439,11,actualidad,371
163, Un agente antidisturbios lanza una piedra a los manifestantes ayer en Vallecas ,2021-04-08 16:30:35,https://twitter.com/Miquel_R/status/1380161401981919240,nitsuga.blisset,1279,13725,282,495,784,11,actualidad,503
164," Francisco José Contreras (Vox): ""Si se calienta un poco el planeta, se reducirán las muertes por frío"" ",2021-04-08 15:21:15,https://www.lasexta.com/noticias/nacional/francisco-jose-contreras-vox-si-se-calienta-un-poco-el-planeta-se-reduciran-las-muertes-por-frio_20210408606efe615cf6d70001f6d421.html,Mis_cojones_en_bata,1065,2089,201,407,658,4,actualidad,385
165, Este es el origen del nombre de las montañas más emblemáticas del mundo ,2021-04-08 14:09:16,https://viajes.nationalgeographic.com.es/lifestyle/este-es-origen-nombre-montanas-mas-emblematicas-mundo_16679,Octaviano,136,3659,29,70,66,0,cultura,348
166," Encuentran en Egipto el 'Ascenso de Atón', el descubrimiento más importante desde la tumba de Tutankamón ",2021-04-08 15:38:23,https://www.20minutos.es/noticia/4648655/0/encuentran-en-egipto-bajo-la-arena-una-gran-ciudad-perdida-de-3-000-anos/,Currela,288,3204,43,136,152,0,actualidad,389
167, La Policía señala a Santiago Abascal por los disturbios en Vallecas ,2021-04-08 15:32:13,https://www.huffingtonpost.es/entry/santiago-abascal-vallecas-policia_es_606ef3bdc5b6c70eccaeeb0d?due,Tiopio,1425,4631,261,532,893,54,actualidad,509
168, El gran salto hacia atrás de Turquía ,2021-04-08 10:05:21,https://www.elindependiente.com/opinion/2021/04/03/el-gran-salto-hacia-atras-de-turquia/,PAUL2,415,2051,88,153,262,0,politica,373
169, Europa deja en manos de los países que sus regiones puedan comprar la vacuna Sputnik ,2021-04-07 23:08:31,https://www.20minutos.es/noticia/4648178/0/europa-deja-manos-paises-reginoes-vacuna-sputnik/,Miguel.Lacambra,325,810,135,141,184,22,actualidad,352
170, Fiscalía pide un año para el periodista de OK Diario que acosó a los hijos de Irene Montero y Pablo Iglesias ,2021-04-08 12:51:34,https://www.elsaltodiario.com/periodismo/fiscalia-pide-ano-carcel-para-alejandro-sanmiguel-entrambasaguas-ok-diario-acoso-hijos-irene-montero-pablo-iglesias,JusticiaParaMAG,1146,3141,178,421,725,5,actualidad,430
171, La reliquia de Guiza hallada en una caja de puros es aún más antigua que la Gran Pirámide ,2021-04-07 21:42:54,https://www.abc.es/cultura/abci-reliquia-guiza-hallada-caja-puros-mas-antigua-gran-piramide-202104071235_noticia.html,JORGE75,156,2297,42,74,82,1,cultura,351
172, El falso mito del idilio entre Vox y la clase trabajadora ,2021-04-08 09:36:22,https://blogs.publico.es/dominiopublico/37335/el-falso-mito-del-idilio-entre-vox-y-la-clase-trabajadora/,Inutil,495,4225,243,216,279,39,politica,407
173, Extremadura perderá cerca del 10% de su población en los próximos 15 años ,2021-04-07 22:00:51,https://www.elperiodicoextremadura.com/extremadura/2021/04/06/extremadura-perdera-cerca-10-poblacion-46141085.html,mariasabugo,304,1179,249,140,164,5,actualidad,410
174, El Principado publica un catálogo que recoge los 329 quesos que se elaboran en Asturias ,2021-04-08 00:14:14,https://www.europapress.es/asturias/asturias-rural-00671/noticia-principado-publica-catalogo-recoge-329-quesos-elaboran-asturias-20210407131111.html,rodda2206,334,1486,67,164,170,4,actualidad,361
175," Duro relato de una víctima de abusos en la iglesia: ""Mi padre se suicidó a los dos años de saberlo,... ",2021-04-07 23:48:40,https://www.lasexta.com/programas/el-intermedio/andrea-ropero/el-duro-relato-de-una-victima-de-abusos-en-la-iglesia-mi-padre-se-suicido-a-los-dos-anos-de-saberlo-tenia-culpabilidad_20210407606e1c8b5cf6d70001f62548.html,anasmoon,605,2529,51,242,363,8,actualidad,359
176, Santiago Abascal encuentra en Vallecas lo que estaba buscando ,2021-04-08 07:43:52,https://www.eldiario.es/politica/santiago-abascal-encuentra-vallecas-buscando_129_7386508.html,Llaqui,752,4225,400,277,475,69,actualidad,411
177, El truco de Jandro que emociona y conquista Estados Unidos por tercera vez ,2021-04-08 09:52:09,https://as.com/tikitakas/2021/04/07/portada/1617816808_598672.html?id_externo_noti=tikitakas_mod_port,calaña,366,13079,125,165,201,3,ocio,513
178, CC.OO. y UGT se inventan un contrato temporal “especial” peor que los temporales “normales” ,2021-04-08 09:04:38,https://laboro-spain.blogspot.com/2021/04/contrato-fijo-obra-construccion-ilegal.html,mr_b,580,2636,54,222,358,1,actualidad,429
179, La serie rusa de 'El Señor de los Anillos' de hace más de 30 años que es un éxito en el Reino Unido en 2021 ,2021-04-07 03:41:35,https://www.theguardian.com/world/2021/apr/05/soviet-tv-version-lord-of-the-rings-rediscovered-after-30-years,ewok,214,5887,32,103,111,2,cinéfilos,390
180, Bruselas da la razón a Orona frente al veto alemán a un modelo de sus ascensores ,2021-04-08 08:30:26,https://www.naiz.eus/eu/info/noticia/20210407/bruselas-da-la-razon-a-orona-frente-al-veto-aleman-a-un-modelo-de-sus-ascensores,LaResistance,244,3074,70,107,137,0,tecnología,428
181," Trenes, letrados, y libertad de expresión ",2021-04-08 00:03:55,https://politikon.es/2021/04/07/trenes-letrados-y-libertad-de-expresion/,ccguy,101,2137,18,62,39,1,actualidad,374
182," Nolotil, ibuprofeno, aspirina y otros fármacos tienen más efectos secundarios graves que AstraZeneca ",2021-04-08 07:15:00,https://www.niusdiario.es/sociedad/sanidad/nolotil-ibuprofeno-aspirina-farmacos-habituales-mas-efectos-secundarios-vacuna-astrazeneca_18_3118770172.html,Ferre94,608,3731,339,279,329,18,actualidad,437
183, La estación española envía su primer informe meteorológico desde Marte ,2021-04-07 08:23:41,https://www.efe.com/efe/espana/efefuturo/la-estacion-espanola-envia-su-primer-informe-meteorologico-desde-marte/50000905-4505651,rodda2206,247,1837,57,129,118,0,ciencia,341
184, España bate su récord de vacunación con más de 336.000 dosis registradas en las últimas 24 horas ,2021-04-07 19:43:36,https://www.niusdiario.es/sociedad/sanidad/record-vacunacion-espana-336000-dosis-24-horas_18_3118770332.html,News333,457,1425,140,246,211,3,vacúname,373
185, Suzhou (China): La novia de una boda descubre que su suegra es su madre ,2021-04-07 13:15:18,https://www.20minutos.es/gonzoo/noticia/4647628/0/una-boda-de-locos-la-suegra-de-la-novia-descubre-que-esta-es-en-realidad-su-hija/,pazmegayok,270,8675,80,130,140,3,actualidad,364
186, Hallan intacta una tableta de chocolate encargada por la reina Victoria de hace 121 años ,2021-04-07 19:36:13,https://redhistoria.com/hallan-intacta-una-tableta-de-chocolate-encargada-por-la-reina-victoria-de-hace-121-anos/,pinaveta,144,2275,40,61,83,1,Arqueología,376
187, La Audiencia de Madrid suspende la entrada en prisión  de los 13 condenados de Blanquerna. (CAT) ,2021-04-07 23:46:47,https://xavier-rius.blogspot.com/2021/04/la-seccio-30-de-laudiencia-de-madrid.html,radon2,367,2042,38,165,202,37,actualidad,394
188, Unidas Podemos y 'Cowboy de medianoche': cómo matar al crítico ,2021-04-07 10:17:31,https://www.infolibre.es/noticias/opinion/columnas/2021/04/07/unidas_podemos_cowboy_medianoche_como_matar_critico_118927_1023.html,Uvieu1926,424,3316,103,190,234,13,politica,380
189," Bolsonaro, el capitán al borde del naufragio ",2021-04-07 22:04:36,https://actualidad.rt.com/opinion/luis-gonzalo-segura/388732-bolsonaro-capitan-borde-naufragio,mariasabugo,307,1365,28,130,177,16,actualidad,365
190, El inquebrantable vínculo entre los últimos rinocerontes blancos y sus guardianes ,2021-04-07 17:34:28,https://ecoosfera.com/rinocerontes-blancos-ultimos-kenia-cuidadores-historia-sudan-animales-peligro-extincion/,Chabelitaenanita,365,4030,21,137,228,0,actualidad,379
191," Miguel Frontera, el acosador de Iglesias y Montero haciéndose fotos con la UIP ",2021-04-07 23:59:50,https://twitter.com/DaniGagoPhoto/status/1379897719121178627?s=20,Álvaro91,726,10710,58,294,432,53,actualidad,397
192, Fuimos hipercarnívoros durante dos millones de años ,2021-04-08 00:15:04,https://www.abc.es/ciencia/abci-fuimos-hipercarnivoros-durante-millones-anos-202104070109_noticia.html,filosofo,210,1709,94,114,96,5,cultura,433
193, Doce años de cárcel para el conductor sin carné que arrolló y mató a un motorista en Ourense y luego se dio a la fuga ,2021-04-07 21:59:39,https://www.lavozdegalicia.es/noticia/ourense/ourense/2021/04/07/doce-anos-carcel-conductor-carne-arrollo-mato-motorista-ourense-dio-fuga/00031617796173445828456.htm,filosofo,425,2675,45,165,260,2,actualidad,401
194, Lo que ha pasado esta tarde en Vallecas resumido en menos de 30 segundos ,2021-04-07 23:23:51,https://twitter.com/spanishrevorg/status/1379899676137246726,Álvaro91,328,15450,323,234,94,64,actualidad,546
195, FACUA compara más de 100 tarifas de móvil con llamadas ilimitadas: diferencias de hasta el 176% ,2021-04-07 19:48:33,https://www.facua.org/es/noticia.php?Id=16649,rodda2206,242,6647,41,108,134,2,actualidad,417
196, Sanidad y las comunidades acuerdan suspender la vacunación con AstraZeneca a menores de 60 años ,2021-04-07 22:28:08,https://www.eldiario.es/sociedad/sanidad-sigue-adelante-vacunaciones-astrazeneca-espana-limitaciones-edad_1_7384686.html,mariasabugo,276,1501,131,138,138,9,actualidad,466
197, Equivalencias de procesadores Intel y AMD: Guía completa ,2021-04-07 20:34:08,https://www.muycomputer.com/2021/04/06/guia-procesadores-intel-y-amd-2021/,barney_77,169,5851,35,97,72,3,tecnología,431
198," Desarrollan una ""pastilla"" revolucionaria para administrar insulina por la boca y no con pinchazos ",2021-04-06 18:31:29,https://cadenaser.com/ser/2021/04/06/ciencia/1617726274_710845.amp.html?__twitter_impression=true,rodda2206,368,1498,38,168,200,0,ciencia,428
199, Carlos Herrera llama “escoria” a Unidas Podemos ,2021-04-07 22:16:55,https://diario16.com/herrera-llama-escoria-a-unidas-podemos/,Uvieu1926,779,2693,91,303,476,26,politica,458
200, La Mezquita Central de Madrid financiaba al-Qaeda ,2021-04-07 20:48:22,https://www.voltairenet.org/article212613.html,me_joneo_pensando_en_ti,517,810,98,205,312,8,actualidad,487
201, Expatriados británicos abandonan España para evitar la deportación tras volverse ilegales por el Brexit [ING] ,2021-04-07 22:35:09,https://www.cityam.com/british-expats-flee-spain-to-avoid-deportation-as-post-brexit-rules-turn-them-into-illegal-immigrants/,gelatti,338,1872,72,141,197,2,actualidad,467
202, Una propuesta de subida del 400% del canon digital amenaza con encarecer la tecnología ,2021-04-07 18:57:16,https://www.vozpopuli.com/economia_y_finanzas/canon-digital-subida-moviles.html,Condetino,281,832,81,130,151,1,tecnología,465
203, Nómina del siglo I ,2021-04-07 22:22:57,https://archivoshistoriapatrimonio.blogspot.com/2021/03/nomina-del-siglo-i.html?m=1,Mysanthropus,127,2528,17,61,66,0,cultura,513
204, Las preguntas a la víctima de la manada de Sabadell eran duras y exhaustivas. Y eso le beneficia ,2021-04-07 21:15:25,https://magnet.xataka.com/un-mundo-fascinante/preguntas-a-victima-manada-sabadell-eran-duras-exhaustivas-eso-le-beneficia,ccguy,228,2515,89,100,128,1,actualidad,400
205," ""Misma pasión"": el acoso machista a la portera del Madrid se convierte en ola por la igualdad ",2021-04-07 18:06:26,https://www.20minutos.es/deportes/noticia/4647764/0/misa-rodriguez-portera-real-madrid-borra-tuit-ataques-machistas/,ChanVader,347,6216,120,149,198,41,actualidad,424
206," Movistar incluye la compra obligatoria de un móvil para contratar sus paquetes Fusión, que suben tres euros al mes ",2021-04-07 20:05:55,http://elpais.com/economia/2021-04-07/movistar-incluye-la-compra-obligatoria-de-un-movil-para-contratar-sus-paquetes-fusion-que-suben-tres-euros-al-mes.html,Lord_Cromwell,307,2127,145,133,174,1,actualidad,431
207, La UE convoca una reunión de urgencia de ministros de Sanidad por la crisis de AstraZeneca ,2021-04-07 13:17:52,https://www.lasprovincias.es/sociedad/salud/castilla-leon-suspende-20210407101250-ntrc.html,Ergo,482,2173,271,195,287,0,vacúname,807
208, España registra el mayor descenso de esperanza de vida en la UE en 2020 ,2021-04-07 13:40:43,https://www.20minutos.es/noticia/4647534/0/espana-registra-el-mayor-descenso-de-esperanza-de-vida-en-la-ue-en-2020/,Wurmspiralmaschine,251,2031,57,130,121,3,actualidad,380
209, Sanidad propone a las comunidades vacunar con AstraZeneca solo a mayores de 60 ,2021-04-07 21:12:49,https://www.efe.com/efe/espana/sociedad/sanidad-propone-a-las-comunidades-vacunar-con-astrazeneca-solo-mayores-de-60/10004-4506380,pinaveta,180,1057,138,95,85,0,actualidad,424
210," Grace Hopper, la mujer que revolucionó la programación ",2021-04-07 17:33:55,https://agenciab12.com/noticia/grace-hopper-mujer-revoluciono-programacion,NubisMusic,254,1278,32,119,135,3,cultura,450
211, Vox pincha en Vallecas y la policía carga contra periodistas ,2021-04-07 20:33:49,https://www.elsaltodiario.com/extrema-derecha/vox-pincha-en-vallecas-mil-antifascistas-boicotean-su-acto,KeepYourCoins,599,4633,119,282,317,42,actualidad,555
212, El FMI propone un alza temporal de impuestos a rentas altas y patrimonios para sufragar la crisis ,2021-04-07 14:24:43,https://cincodias.elpais.com/cincodias/2021/04/07/economia/1617796659_926661.html,pazmegayok,560,863,77,253,307,0,actualidad,339
213," Un buitre negro de Pirineos, primera ave carroñera intoxicada por diclofenaco que se detecta en Europa ",2021-04-07 11:38:24,https://www.europapress.es/sociedad/medio-ambiente-00647/noticia-buitre-negro-pirineos-primera-ave-carronera-intoxicada-diclofenaco-detecta-europa-20210406181752.html,jpablo,272,2085,36,131,141,0,actualidad,329
214, El TAS confirma el bronce de Ruth Beitia nueve años después de Londres 2012 ,2021-04-07 17:15:44,https://www.20minutos.es/deportes/noticia/4647985/0/ruth-beitia-bronce-londres-2012/,ChanVader,301,952,51,145,156,2,actualidad,410
215, La EMA insta a seguir vacunando con AstraZeneca ,2021-04-07 16:45:26,https://cadenaser.com/ser/2021/04/07/internacional/1617797771_697972.html,pablova,234,857,212,130,104,7,actualidad,409
216," Comunicado conjunto: PSOE, Más Madrid y Podemos piden no ir a un acto ""provocador"" ",2021-04-07 13:49:50,https://www.elespanol.com/espana/madrid/20210407/vallecas-bienvenida-vox-psoe-madrid-podemos-no/571943293_0.html,Inutil,380,1606,137,177,203,6,politica,383
217," El mapamundi más grande de la antigüedad acaba de ser restaurado, y navegar por él es una delicia ",2021-04-07 16:27:06,https://es.gizmodo.com/el-mapamundi-mas-grande-de-la-antiguedad-acaba-de-ser-r-1846633732,ElLocoDelMolino,182,6543,25,99,83,2,cultura,388
218, De Biden al FMI: el impuesto mínimo global a empresas llega para luchar contra la elusión fiscal ,2021-04-06 19:52:02,https://www.elsaltodiario.com/fraude-fiscal/biden-fmi-sanchez-impuesto-minimo-global-empresas-luchar-contra-elusion,KeepYourCoins,356,1226,85,141,215,2,mnm,372
219, Catalunya vuelve al confinamiento comarcal a partir de este jueves a media noche ,2021-04-07 13:49:33,https://www.lavanguardia.com/vida/20210407/6633444/cataluna-confinamiento-comarcal-procicat.html,jacktorrance,229,1063,122,114,115,4,actualidad,377
220, Así despacha la Comunidad de Madrid a una señora que no puede desplazarse 150 km para vacunarse (Audio) ,2021-04-07 16:30:17,https://www.lasexta.com/noticias/nacional/audio-asi-despacha-la-comunidad-de-madrid-a-una-senora-que-no-puede-desplazarse-150-km-para-vacunarse-si-usted-no-quiere-le-pongo-aqui-que-no-quiere_20210407606d77d535c2440001c387ad.html,joanipani,795,8486,307,315,480,19,actualidad,521
221, Desvelan la identidad de los 47 millones de amigos de Juan Carlos I que han financiado su regularización fiscal ,2021-04-07 16:03:55,https://www.elmundotoday.com/2021/04/desvelan-la-identidad-de-los-47-millones-de-amigos-de-juan-carlos-i-que-han-financiado-su-regularizacion-fiscal/,luspagnolu,730,1542,31,296,434,10,ocio,554
222," Agustín Conde, vetado de por vida en el Consejo de Europa, en la lista de Ayuso ",2021-04-07 13:47:47,https://www.lavanguardia.com/local/madrid/20210407/6633062/agustin-conde-listas-ayuso-vetado-consejo-europa.html,Tiopio,793,1262,62,281,512,5,actualidad,440
223, Los sorprendentes dibujos de Prangey sobre la Mezquita-Catedral de Córdoba hacia 1839 ,2021-04-07 09:51:31,https://theconversation.com/los-sorprendentes-dibujos-de-prangey-sobre-la-mezquita-catedral-de-cordoba-hacia-1839-158142,Ripio,177,3424,10,79,98,0,cultura,388
224," Baviera firmará un pre-acuerdo para comprar 2,5 millones de vacunas Sputnik a la espera de la autorización europea ",2021-04-07 15:11:17,https://www.elindependiente.com/internacional/2021/04/07/la-region-alemana-de-baviera-compra-25-millones-de-vacunas-sputnik-a-la-espera-de-la-autorizacion-europea/,Meneador_Compulsivo,273,427,133,122,151,0,actualidad,431
225, Condenada a 540 euros de multa y 2 años de alejamiento por acosar a un hombre tras ofrecerle sexo a cambio de trabajo ,2021-04-07 14:52:53,https://www.diariodemallorca.es/sucesos/2021/04/06/condenada-acosar-hombre-ofrecerle-sexo-46119803.html,Meneador_Compulsivo,347,2125,121,145,202,28,actualidad,407
226," La historia de Gudrid Thorbjarnardóttir, madre del primer europeo nacido en América según las sagas vikingas ",2021-04-07 09:22:56,https://www.labrujulaverde.com/2021/04/la-historia-de-gudrid-thorbjarnardottir-madre-del-primer-europeo-nacido-en-america-segun-las-sagas-vikingas,ccguy,122,1177,29,67,55,1,cultura,415
227," La lenta agonía de una casa de niños pública y gratuita en Leganés: ""Están dejando morir el proyecto"" ",2021-04-07 07:30:28,https://www.eldiario.es/madrid/muerte-lenta-escuela-infantil-publica-madrid_1_7381455.html,Inutil,472,1450,39,185,287,3,actualidad,399
228, Todo listo para el vuelo de Ingenuity en Marte ,2021-04-06 04:14:03,https://danielmarin.naukas.com/2021/04/06/todo-listo-para-el-vuelo-de-ingenuity-en-marte/,ccguy,249,2116,50,166,83,2,ciencia,389
229, Otra popular youtuber japonesa resulta ser un señor con peluca y pechos postizos ,2021-04-07 12:27:34,https://es.gizmodo.com/otra-popular-youtuber-japonesa-resulta-ser-un-senor-con-1846633353,Fantabuloso_contrincario,274,12558,110,127,147,23,ocio,428
230," Debacle interna de VOX en toda España: Denuncias en Canarias, abandonos en Málaga, Extremadura, Murcia y Alicante ",2021-04-07 09:25:25,https://elcierredigital.com/realidad-autonomica/669466979/debacle-local-vox-denuncias-canarias-malaga-extremadura-murcia-alicante.html,Protochoc,930,2886,166,363,567,18,politica,377
231," Las residencias de Madrid están a la cabeza en muertos por número de usuarios, un 53% superior a la media ",2021-04-07 10:44:54,https://www.lavanguardia.com/vida/20210406/6629471/residencias-madrid-cabeza-muertos-numero-usuarios.html,albertiño12,795,803,85,340,455,8,actualidad,405
232," Propinas en EEUU: una historia terrible de precariedad, explotación, racismo y robo salarial (Hilo Twitter) ",2021-04-07 10:35:58,https://twitter.com/Shine_McShine/status/1379373035246006272?s=20,MLeon,499,5316,152,195,304,9,actualidad,369
233, ¿Es legal mantener los cierres perimetrales y el toque de queda cuando termine el estado de alarma? ,2021-04-06 20:27:00,https://www.expansion.com/juridico/actualidad-tendencias/2021/04/06/606c896e468aeb947c8b458c.html,me_joneo_pensando_en_ti,207,1733,115,104,103,0,actualidad,346
234, Asturias. Salud descarta que la vacuna causara la trombosis de la mujer ingresada en Mieres ,2021-04-07 09:04:10,https://www.elcomercio.es/asturias/coronavirus-asturias-salud-descarta-vacuna-astrazeneca-trombosis-paciente-mieres-20210407001236-ntvo.html,Lonnegan,254,400,122,139,115,7,actualidad,399
235, Filtración de datos de Linkedin: 500 millones de cuentas vulneradas (2021) ,2021-04-07 10:07:23,https://www.adslzone.net/noticias/seguridad/500-millones-cuentas-linkedin-filtracion-2021/,rodda2206,290,3723,101,119,171,0,tecnología,420
236, Se suspende la vacunación de AstraZeneca en toda Castilla y León ,2021-04-07 09:54:27,https://www.lagacetadesalamanca.es/castilla-y-leon/se-suspende-la-vacunacion-de-astrazeneca-en-toda-castilla-y-leon-XB7146606,areska,301,1112,151,139,162,0,actualidad,432
237," “Subirse al carajo”, “chupar unas pollas” o “coger el tranvía”: expresiones del español que dan lugar a malentendidos ",2021-04-06 15:16:44,https://elpais.com/cultura/2021-04-06/subirse-al-carajo-chupar-unas-pollas-o-coger-el-tranvia-expresiones-del-espanol-que-dan-lugar-a-malentendidos.html,mrsombra,139,3648,74,61,78,1,cultura,410
238," Para enfriar sus servidores Microsoft los está sumergiendo en un líquido, un líquido hirviendo ",2021-04-07 09:11:23,https://www.xataka.com/energia/para-enfriar-sus-servidores-microsoft-esta-sumergiendo-liquido-liquido-hirviendo,Yorga77,148,8270,56,86,62,5,tecnología,399
239, La CIA conmemora la vez que armó a los Muyahidines de Afganistán para derribar los Mil Mi-24 sovieticos ,2021-04-06 23:08:04,https://twitter.com/CIA/status/1379437049728659459,Viriatox,265,1518,102,141,124,2,politica,365
240," Muere por coronavirus Henry Stephen, el intérprete de ""Limón, limonero"" ",2021-04-07 03:19:16,https://www.20minutos.es/noticia/4646483/0/muere-por-coronavirus-henry-stephen-el-interprete-de-limon-limonero/,ewok,207,1450,29,107,100,1,cultura,402
241, Me negué a convertirme en informante del FBI y el gobierno me puso en la lista de exclusión aérea [en] ,2021-04-07 01:33:04,https://www.aclu.org/news/national-security/i-refused-to-become-an-fbi-informant-and-the-government-put-me-on-the-no-fly-list/,Remenad0r,360,2526,36,154,206,1,actualidad,378
242, EEUU lanza aranceles a la industria eólica de España por 'dumping' y negarse a colaborar ,2021-04-06 11:59:09,https://www.elconfidencial.com/empresas/2021-04-06/eeuu-lanza-aranceles-industria-eolica-espanola-negarse-cooperar-investigacion-dumping_3020780/,pablisako,427,2710,114,183,244,1,actualidad,346
243,Guía visual de las vacunas contra el Covid-19,2021-04-05 10:02:56,https://www.meneame.net/story/guia-visual-vacunas-contra-covid-19,Ergo,191,14023,135,107,84,2,vacúname,385
244," ""Por esto los búhos no vuelan cuando llueve"": las fotos virales de un ave rescatada tras ser lavada ",2021-04-06 09:18:25,https://www.20minutos.es/gonzoo/noticia/4643767/0/por-esto-buhos-no-vuelan-cuando-llueve-fotos-virales-ave-rescatada-lavada/,lmd040892,244,10004,53,132,112,3,ciencia,339
245," Toque de queda, confinamientos... las medidas que decaerían si se pone fin al estado de alarma el 9 de mayo ",2021-04-06 18:37:10,https://www.20minutos.es/noticia/4647039/0/medidas-que-decaerian-fin-del-estado-de-alarma-mayo/,Currela,191,3430,157,95,96,0,actualidad,370
246, Julian Assange no será extraditado ,2021-04-06 17:35:12,https://espadanegra.net/?seccion=vt&asu=12925,Desecrator,737,1752,24,290,447,11,politica,364
247, Polémica actuación policial en Oviedo hacia un menor ,2021-04-06 22:13:40,https://www.telecinco.es/informativos/sociedad/polemica-actuacion-policial-oviedo-madre-abusivo-racista-hijo_18_3118245313.html?fbclid=IwAR0r_7zP9tpHvLIuLh-DSr_XpZUmeRVTEbVwO6qquDobPGBBvzJWBADaOkk,Verdaderofalso,403,6515,194,179,224,6,actualidad,378
248," O dimite, o la cesan. La Consejera de Educación se niega a vacunarse ",2021-04-06 23:11:25,https://blogs.laopiniondemurcia.es/miguel-hernandez/2021/04/06/o-dimite-o-la-cesan-la-consejera-de-educacion-se-niega-a-vacunarse/?fbclid=IwAR0PBMIZcMrKiF8BKE8A_ykHJBG2R8P5ufBwjckrrMhPMgnEwnRPncZSsKU,Ratoncolorao,973,3416,229,330,643,12,politica,433
249, La comunidad musulmana pide saltarse el toque de queda en el Ramadán ,2021-04-06 21:48:04,https://www.elperiodico.com/es/sociedad/20210406/comunidad-musulmana-saltar-ramadan-11637732,er11s111,431,1397,167,197,234,3,actualidad,399
